ChainId	StoreLocalId	StoreLat	StoreLon
7290058108879	1	32.517127	35.148529
7290058108879	2	32.6841583	35.3748072
7290058108879	3	32.59735	34.951901
7290058108879	5	32.2925846	34.9839389
7290058108879	6	32.7931461	35.1815872
7290058108879	7	32.86532	35.29718
7290058108879	8	31.2249031	34.8204612
7290058108879	9	32.852247	35.201315
7290058108879	10	32.696563	35.052609
7290058108879	12	32.6954068	35.31273761
7290058108879	13	32.111914	34.9498216
7290058108879	14	32.80585822	34.96833231
7290058108879	15	32.924238	35.311195
7290058108879	16	32.9251289	35.0825576
7290058108879	17	32.68042683	35.26823812
7290058108879	18	32.047835	34.752591
7290058108879	19	31.9264	34.877
7290058108879	28	31.38079669	34.76812452
7290058108879	31	32.71713478	35.33625547
7290058108879	200	31.78937616	35.23295289
7290058108879	334	32.86136046	35.37027706
7290058108879	335	32.74903894	35.33594115
7290058108879	336	32.2925827	34.9840936
7290058108879	338	32.71628321	35.29413608
7290058108879	339	32.04741575	34.75958241
7290058159628	5	32.46536034	35.04779703
7290058159628	7	31.8214541	35.23953302
7290058159628	18	31.7377093	35.1774455
7290058159628	23	31.77706226	35.21476261
7290058159628	26	31.86538619	35.26087193
7290058159628	38	32.08604618	34.83148625
7290058159628	39	32.09015897	34.83490188
7290058159628	41	32.75872177	35.09676964
7290058159628	45	31.77340788	35.29817375
7290058159628	46	31.25369408	34.77225833
7290058159628	47	31.26534158	34.79383815
7290058197699	83	32.05108633	34.83927717
7290058197699	300	32.02106177	34.75745313
7290058197699	352	33.00651287	35.0965139
7290058197699	480	32.06212993	34.77319498
7290058197699	481	32.06887662	34.77062141
7290058197699	550	31.79363034	34.6406793
7290058197699	755	32.15611331	34.89217581
7290058197699	851	32.05320065	34.75635777
7290058197699	910	31.60637442	34.77840316
7290058197699	913	31.73131367	34.73931527
7290058197699	970	32.08487688	34.8126392
7290058197699	1241	32.08383707	34.81412913
7290492000005	595	32.02082723	34.74002256
7290492000005	596	32.80800013	34.97587033
7290492000005	597	31.95960437	34.83131696
7290492000005	644	32.89971851	35.17006201
7290492000005	645	32.7055	35.41037
7290492000005	647	32.39666	35.00647
7290492000005	648	33.04454198	35.10694597
7290492000005	649	32.08916076	34.9443469
7290492000005	650	32.71319008	35.54673958
7290492000005	651	31.31695123	34.5255356
7290492000005	652	32.54428347	35.43389642
7290492000005	653	31.91923707	34.84657573
7290492000005	654	31.34479	34.86865
7290492000005	655	32.35787	34.90771
7290492000005	656	32.4659678	34.99195883
7290492000005	657	32.08916076	34.9443469
7290492000005	658	33.17040836	35.57075953
7290492000005	661	32.57334215	35.19688911
7290492000005	666	32.08916076	34.9443469
7290492000005	702	31.86707552	34.94928339
7290492000005	706	31.88353	35.08752
7290492000005	707	31.42203	34.78612
7290492000005	709	32.13725	34.9167
7290492000005	710	32.64582	35.12539
7290492000005	711	32.79023741	35.03071189
7290492000005	714	32.54428347	35.43389642
7290492000005	715	32.15519405	34.94705941
7290492000005	717	31.83682	34.97707
7290492000005	718	32.66431753	34.95541357
7290492000005	719	31.31695123	34.5255356
7290492000005	721	32.64954835	35.29119047
7290492000005	722	32.94561445	35.17023967
7290492000005	723	31.55581931	34.649749
7290492000005	724	31.69325837	34.68168832
7290492000005	725	32.57334215	35.19688911
7290492000005	726	32.31788865	34.89606217
7290492000005	727	31.50469	34.5902
7290492000005	730	32.45969	34.96494
7290492000005	733	32.70760007	35.57602575
7290492000005	801	32.36019711	34.90780159
7290492000005	804	32.72458	35.62012
7290492000005	807	32.08916969	34.94401651
7290492000005	808	32.25990556	34.89484219
7290492000005	811	30.62754	34.8061
7290492000005	813	32.71319008	35.54673958
7290492000005	814	32.71914687	35.54422281
7290492000005	815	30.48486775	35.17323327
7290492000005	818	31.91085937	34.80737678
7290492000005	820	32.45568776	34.9086001
7290492000005	821	32.79023741	35.03071189
7290492000005	822	31.22073116	34.84618559
7290492000005	823	32.806367	35.074341
7290492000005	824	32.70760007	35.57602575
7290492000005	828	32.91475452	35.25483869
7290492000005	829	33.015328	35.271818
7290492000005	830	31.619027	34.75781
7290492000005	832	32.76384005	35.32278514
7290492000005	834	32.5083141	34.9320817
7290492000005	837	32.45568776	34.9086001
7290492000005	839	31.678189	34.7662987
7290492000005	840	31.86216	34.89302
7290492000005	843	32.92555439	35.54323912
7290492000005	847	31.91923707	34.84657573
7290492000005	848	32.1119464	35.03545004
7290492000005	850	32.13163679	34.79574978
7290492000005	852	32.55788222	35.32301903
7290492000005	853	32.4705928	35.0391716
7290492000005	856	32.4705928	35.0391716
7290492000005	858	32.78806825	35.03818989
7290492000005	860	32.64954835	35.29119047
7290492000005	861	31.69325837	34.68168832
7290492000005	865	32.32167671	34.9210972
7290492000005	450	32.1119464	35.03545004
7290492000005	506	32.07194821	34.7736551
7290492000005	507	32.06934401	34.77286639
7290492000005	509	32.07751379	34.77758567
7290492000005	511	32.05496266	34.77099079
7290492000005	516	32.0839825	34.81676025
7290492000005	521	32.07791817	34.79088155
7290492000005	535	32.06844635	34.7773662
7290492000005	542	32.06997018	34.79011127
7290492000005	545	32.18039705	34.81144135
7290492000005	548	32.02946971	34.8736474
7290492000005	554	32.11796747	34.82451221
7290492000005	558	32.10970756	34.83353743
7290492000005	577	32.07065842	34.7699812
7290492000005	579	32.00785411	34.74028522
7290492000005	582	31.80935	34.90007
7290492000005	583	32.05484817	34.8638919
7290492000005	584	32.1119464	35.03545004
7290492000005	900	32.79023741	35.03071189
7290492000005	901	31.64584315	34.70574014
7290492000005	902	31.69128	34.68135
7290492000005	903	31.78700054	34.6768545
7290492000005	904	31.66335	34.62431
7290492000005	905	31.50469	34.5902
7290492000005	906	32.6913757	35.29857727
7290492000005	908	31.92881319	34.79836885
7290492000005	910	32.72922094	35.25936666
7290492000005	911	32.6773	34.96138
7290492000005	912	33.22361	35.61587
7290492000005	913	32.70320236	35.58360365
7290492000005	914	32.86741	35.53034
7290492000005	915	32.1119464	35.03545004
7290492000005	918	31.99003199	34.82951626
7290492000005	921	32.64582	35.12539
7290492000005	922	32.46679	35.01793
7290492000005	924	32.64582	35.12539
7290492000005	925	32.25497	34.87504
7290492000005	927	31.42203	34.78612
7290492000005	928	31.87676	34.76201
7290492000005	930	31.377	34.61955
7290492000005	933	32.50993	35.52132
7290492000005	935	31.83682	34.97707
7290492000005	936	32.9156521	35.22664521
7290492000005	939	32.92176302	35.30908072
7290492000005	940	31.92881319	34.79836885
7290492000005	941	31.88230386	34.87966763
7290492000005	942	32.40093656	34.86835091
7290492000005	944	31.86216	34.89302
7290492000005	947	32.37966	35.01776
7290492000005	948	32.66247	35.23598
7290492000005	949	31.24845	35.19788
7290492000005	951	31.66335	34.62431
7290492000005	952	31.98347	34.91695
7290492000005	955	32.2485425	34.83574562
7290492000005	958	32.17200279	34.92435694
7290492000005	960	32.89988	35.091289
7290492000005	961	31.80935	34.90007
7290492000005	968	32.41375	34.90429
7290492000005	969	29.57770729	34.96698761
7290492000005	976	32.71319008	35.54673958
7290492000005	978	33.000548	35.097005
7290492000005	980	31.96000162	34.89908318
7290492000005	981	32.24821	34.91443
7290492000005	992	32.45568776	34.9086001
7290492000005	995	32.50924745	34.95870109
7290492000005	997	32.806367	35.074341
7290492000005	590	32.17200279	34.92435694
7290492000005	591	31.91027831	35.01380521
7290492000005	593	32.07490059	34.79671123
7290492000005	594	32.43868592	34.91099293
7290492000005	868	32.02773397	34.79774184
7290492000005	870	32.667587	35.107243
7290492000005	585	32.70760007	35.57602575
7290027600007	1	32.0814329	34.7706953
7290027600007	2	31.775431	35.217455
7290027600007	3	32.078204	34.815239
7290027600007	4	32.804296	34.987142
7290027600007	5	31.7605531	35.1782886
7290027600007	7	32.086017	34.778785
7290027600007	9	32.3314	34.858795
7290027600007	11	32.0915591	34.7847613
7290027600007	12	32.820323	34.95861
7290027600007	13	31.755316	34.989846
7290027600007	14	31.904833	35.005853
7290027600007	15	32.086639	34.987013
7290027600007	17	32.7844353	34.9895315
7290027600007	18	32.008056	34.791036
7290027600007	19	32.784128	35.012946
7290027600007	20	31.89898	34.810211
7290027600007	21	31.8012849	35.2281633
7290027600007	22	32.3272194	34.8550823
7290027600007	23	31.327776	34.938759
7290027600007	24	31.7834068	34.6471994
7290027600007	27	32.179312	34.878137
7290027600007	28	32.121329	34.834387
7290027600007	29	32.467067	35.041473
7290027600007	30	32.054689	34.848691
7290027600007	32	31.9739491	34.8061696
7290027600007	33	32.81992	34.972951
7290027600007	34	32.143601	34.83703
7290027600007	35	31.245611	34.797456
7290027600007	36	32.175759	34.907778
7290027600007	38	32.76859	35.003579
7290027600007	39	32.111553	34.7941933
7290027600007	40	31.264451	34.846852
7290027600007	42	31.767676	35.202277
7290027600007	43	32.155553	34.891516
7290027600007	45	31.753643	35.214593
7290027600007	49	31.272654	34.810538
7290027600007	50	31.804702	35.155357
7290027600007	56	32.4547996	35.0426615
7290027600007	57	32.138053	34.840726
7290027600007	61	32.3000905	34.9112341
7290027600007	65	31.2540557	34.8149347
7290027600007	68	32.858799	35.092843
7290027600007	69	32.117274	34.796662
7290027600007	70	32.0725979	34.8308723
7290027600007	71	32.7780814	35.0410251
7290027600007	72	31.886592	35.01739
7290027600007	76	32.1023336	35.2086928
7290027600007	77	32.470801	35.03907
7290027600007	78	31.785401	35.173289
7290027600007	79	32.4624477	35.0492064
7290027600007	80	31.961626	34.817311
7290027600007	82	32.0114571	34.7880585
7290027600007	83	31.257398	34.76719
7290027600007	84	31.8897867	34.9192773
7290027600007	87	32.193247	34.880094
7290027600007	89	31.925905	34.864447
7290027600007	90	31.2631745	34.8131896
7290027600007	93	32.030027	34.877792
7290027600007	95	32.502043	34.927962
7290027600007	96	32.415318	34.9519259
7290027600007	97	33.1925231	35.571111
7290027600007	98	32.710119	35.143138
7290027600007	102	32.304314	34.902149
7290027600007	103	31.9985116	34.9466926
7290027600007	105	32.080949	34.901436
7290027600007	106	31.921289	34.791161
7290027600007	107	31.893301	34.806883
7290027600007	109	32.0929382	34.9681093
7290027600007	110	31.230676	34.823079
7290027600007	113	31.9673936	34.7851612
7290027600007	115	32.095807	34.776084
7290027600007	119	31.9059985	35.0192993
7290027600007	171	32.1721909	34.9044279
7290027600007	173	32.3208894	34.9332018
7290027600007	174	31.258872	35.208972
7290027600007	177	30.612795	34.802604
7290027600007	179	32.0741631	34.8228148
7290027600007	180	32.840073	35.079994
7290027600007	181	31.667683	34.581803
7290027600007	182	31.074239	35.031423
7290027600007	183	31.793049	34.640119
7290027600007	184	31.961768	34.799993
7290027600007	186	32.8158611	34.9798831
7290027600007	187	31.7714759	35.3006227
7290027600007	188	30.987638	34.927942
7290027600007	189	32.476284	34.9742517
7290027600007	190	32.981331	35.556246
7290027600007	199	32.028941	34.7430173
7290027600007	293	31.7199249	35.0917502
7290027600007	295	32.0785	34.839967
7290027600007	606	31.712476	34.987987
7290027600007	607	31.929553	35.037795
7290027600007	608	31.79156	35.190436
7290027600007	609	32.052067	34.950428
7290027600007	610	31.811315	35.21738
7290027600007	611	32.090167	34.837708
7290027600007	844	32.070315	34.823377
7290027600007	845	32.1746953	34.903589
7290027600007	101	32.14259	34.891786
7290027600007	124	32.008401	34.745649
7290027600007	125	32.16001	34.806925
7290027600007	128	32.785272	34.962508
7290027600007	300	32.045813	34.906363
7290027600007	301	32.1254025	34.798399
7290027600007	302	32.8022791	34.9853553
7290027600007	303	32.714313	35.124425
7290027600007	305	32.094127	34.7928279
7290027600007	306	32.789778	35.013164
7290027600007	255	32.6944805	35.4160699
7290027600007	307	32.81289	35.100716
7290027600007	308	32.81363	35.115796
7290027600007	310	32.8286026	35.0600005
7290027600007	311	31.9032733	34.8122236
7290027600007	312	32.825495	34.9830057
7290027600007	121	33.0009766	35.0971756
7290027600007	313	32.8214585	35.0674336
7290027600007	314	32.78478	34.9936664
7290027600007	315	32.2735509	34.8738304
7290027600007	316	32.832966	35.073015
7290027600007	317	32.517149	35.006543
7290027600007	323	32.708317	35.324113
7290027600007	319	32.9375121	35.0758353
7290027600007	324	32.050016	34.875605
7290027600007	318	32.0364164	34.7628409
7290027600007	325	31.9361645	34.7964321
7290027600007	329	32.6427318	35.0923009
7290027600007	122	31.884666	34.737795
7290027600007	118	29.567833	34.959124
7290027600007	132	32.074316	34.790904
7290027600007	129	32.284203	34.859412
7290027600007	123	32.011686	34.778473
7290027600007	116	32.0789722	34.8118239
7290027600007	131	32.16593	34.901655
7290027600007	140	32.175415	34.914401
7290027600007	141	32.6424026	35.0946188
7290027600007	143	32.7879148	34.9881087
7290027600007	144	32.1922595	34.8924675
7290027600007	146	32.061218	34.8093913
7290027600007	148	31.9018885	34.8192392
7290027600007	152	31.247654	35.196142
7290027600007	779	31.864622	34.72656
7290027600007	133	31.704118	35.116355
7290027600007	135	31.675806	34.606686
7290027600007	161	32.033544	34.89181
7290027600007	130	32.307551	34.876163
7290027600007	155	32.219654	34.980848
7290027600007	164	32.0853869	34.8114678
7290027600007	153	31.3179929	34.6247938
7290027600007	244	32.14454	34.802798
7290027600007	156	31.946748	34.8423917
7290027600007	245	31.824091	35.23737
7290027600007	142	32.5693022	34.9573326
7290027600007	159	32.81142	34.960105
7290027600007	139	32.95759	35.49865
7290027600007	151	32.196998	34.877237
7290027600007	250	33.2231978	35.5768526
7290027600007	114	31.730963	35.186597
7290027600007	248	31.266167	34.764197
7290027600007	251	32.6098289	35.2960997
7290027600007	249	32.276264	34.860994
7290027600007	147	32.5669162	34.9640343
7290027600007	104	32.076176	34.8854532
7290027600007	229	32.065527	34.792465
7290027600007	216	32.1629307	34.9093805
7290027600007	228	32.5177591	34.938522
7290027600007	166	31.818729	34.662275
7290027600007	167	31.986408	34.765041
7290027600007	203	31.9336026	34.8882347
7290027600007	157	32.8157203	35.045743
7290027600007	226	32.9051648	35.2841909
7290027600007	227	32.807944	35.076964
7290027600007	134	31.890305	34.965217
7290027600007	163	31.5208618	34.5943774
7290027600007	150	32.120697	34.792907
7290027600007	195	32.845566	35.091021
7290027600007	211	32.928751	35.325401
7290027600007	247	31.996498	34.772683
7290027600007	222	31.282656	34.799092
7290027600007	168	31.784082	34.633404
7290027600007	208	29.56423	34.945128
7290027600007	111	32.779364	35.516988
7290027600007	169	31.231039	34.7681664
7290027600007	218	32.622979	35.315402
7290027600007	91	32.400506	34.90247
7290027600007	223	31.904833	35.005853
7290027600007	193	31.953787	34.819826
7290027600007	224	31.979506	34.760721
7290027600007	212	32.7948636	34.9980822
7290027600007	259	32.172327	34.928496
7290027600007	210	31.976056	34.811256
7290027600007	266	29.559861	34.9507476
7290027600007	353	32.792451	34.987571
7290027600007	92	31.7786	34.636066
7290027600007	117	32.081424	34.789203
7290027600007	127	32.7660866	34.961933
7290027600007	154	32.0655882	34.8474881
7290027600007	205	32.025667	34.89922
7290027600007	207	32.025225	34.858498
7290027600007	209	31.6875112	34.5793385
7290027600007	217	31.75257	35.18135
7290027600007	219	32.078684	34.837492
7290027600007	230	32.1774645	34.9015325
7290027600007	231	32.1940393	34.850563
7290027600007	232	32.962515	35.5166479
7290027600007	234	31.3964	34.7567
7290027600007	236	29.5447195	34.9295839
7290027600007	238	31.9414022	34.832154
7290027600007	239	32.0510689	34.7537326
7290027600007	240	31.3965405	34.7582123
7290027600007	241	32.103036	34.834797
7290027600007	254	31.6243858	34.7712641
7290027600007	290	32.088314	34.859683
7290027600007	780	32.089884	34.815953
7290027600007	214	31.6038987	34.7578512
7290027600007	263	32.1269444	34.8319109
7290027600007	354	32.0754274	34.7762187
7290027600007	355	32.121941	34.81673
7290027600007	357	32.287753	34.945093
7290027600007	267	32.986924	35.705609
7290027600007	359	32.7897224	35.0105696
7290027600007	271	31.8803278	34.814694
7290027600007	350	32.439387	34.881356
7290027600007	360	31.9586233	34.8082691
7290027600007	361	32.666227	35.238762
7290027600007	362	31.773386	35.2223569
7290027600007	364	32.272724	34.910723
7290027600007	365	32.474678	34.9952097
7290027600007	366	32.9954033	35.2772436
7290027600007	368	32.7740186	35.0300742
7290027600007	440	31.895614	34.810659
7290027600007	441	32.068058	34.776825
7290027600007	444	31.2538453	34.7973745
7290027600007	445	31.8970083	34.8183562
7290027600007	448	31.791822	35.203329
7290027600007	477	31.896036	34.996412
7290027600007	478	31.8043185	34.7890403
7290027600007	479	32.182753	34.874146
7290027600007	485	31.8080626	34.6429464
7290027600007	371	31.9589758	34.7994432
7290027600007	372	32.0184639	34.751033
7290027600007	374	32.162601	34.849861
7290027600007	375	32.1791162	34.9206905
7290027600007	376	32.1814438	34.8635072
7290027600007	377	31.7655765	35.149815
7290027600007	379	32.0753268	34.8036569
7290027600007	380	32.0715803	34.7800768
7290027600007	382	32.0803716	34.8751981
7290027600007	385	32.1000866	34.786683
7290027600007	387	32.8330647	34.9855416
7290027600007	388	32.7672571	35.0131744
7290027600007	389	32.335832	35.012677
7290027600007	390	32.0987619	34.8808694
7290027600007	391	32.0532758	34.8043971
7290027600007	393	31.364014	34.814537
7290027600007	394	32.176359	34.917834
7290027600007	396	32.3226356	34.8734588
7290027600007	397	32.61431	35.310123
7290027600007	399	32.924802	35.08177
7290027600007	400	32.084734	34.966714
7290027600007	438	32.151371	34.841658
7290027600007	269	32.0998098	34.8934548
7290027600007	281	32.677714	35.241813
7290027600007	276	31.892041	34.789416
7290027600007	326	33.005955	35.09546
7290027600007	327	32.780022	34.985314
7290027600007	330	32.795722	35.009431
7290027600007	331	32.0974983	34.79875
7290027600007	333	32.7844231	34.996598
7290027600007	334	32.080314	34.886806
7290027600007	335	32.1725996	34.9074294
7290027600007	336	32.784941	35.004265
7290027600007	338	32.1010528	34.7834992
7290027600007	339	32.7880925	35.5355213
7290027600007	340	32.1145976	34.7912823
7290027600007	341	32.0785126	34.825305
7290027600007	342	32.9081497	35.2913637
7290027600007	343	32.0936291	34.9724285
7290027600007	344	33.0192556	35.2830142
7290027600007	346	32.056456	34.865459
7290027600007	347	31.810459	34.7850238
7290027600007	348	32.0843103	35.0843103
7290027600007	349	32.970987	35.504212
7290027600007	369	31.993331	34.944783
7290027600007	258	32.8160629	35.0534201
7290027600007	260	31.750423	35.208121
7290027600007	296	32.0841262	34.8954321
7290027600007	297	32.435181	34.9069223
7290027600007	299	32.160094	34.904959
7290027600007	283	31.861188	34.817111
7290027600007	215	32.495162	35.496458
7290027600007	261	31.725404	34.748189
7290027600007	262	31.849673	34.839855
7290027600007	265	32.0203065	34.7679311
7290027600007	272	32.073748	34.807552
7290027600007	274	32.0562855	34.7697528
7290027600007	277	32.1721608	34.8407349
7290027600007	278	31.9739491	34.8061696
7290027600007	279	32.0769367	34.7714655
7290027600007	282	31.7669888	35.1961546
7290027600007	284	31.9739491	34.8061696
7290027600007	285	32.091258	34.8932
7290027600007	287	32.061923	34.8037383
7290027600007	288	31.893013	34.8208
7290027600007	384	32.8236314	35.0843103
7290027600007	620	29.550519	34.960906
7290027600007	437	29.554104	34.9677983
7290027600007	642	32.7100001	35.1439967
7290027600007	696	32.0522963	34.9619082
7290027600007	639	32.100725	35.170205
7290027600007	662	31.7789552	34.6571693
7290027600007	691	31.7883948	34.6437149
7290027600007	764	31.811255	34.654577
7290027600007	672	31.7898793	34.6397623
7290027600007	485	31.8080626	34.6429464
7290027600007	602	31.6820753	34.5582488
7290027600007	683	31.681092	34.5701309
7290027600007	233	31.822232	34.744959
7290027600007	298	31.2447522	34.8147548
7290027600007	653	32.07966386	34.83317339
7290027600007	651	32.2599571	34.8939131
7290027600007	634	32.0157712	34.7564484
7290027600007	645	32.0768656	34.8547441
7290027600007	641	32.0756194	34.8086977
7290027600007	640	32.696941	35.054176
7290027600007	675	32.133294	34.901539
7290027600007	476	32.16643	34.90174
7290027600007	677	32.1636586	34.8426516
7290027600007	667	32.451313	34.8979667
7290027600007	242	31.932151	34.88166
7290027600007	631	32.0358892	34.7653389
7290027600007	270	32.02410783	34.8016234
7290027600007	647	32.0196576	34.7787994
7290027600007	659	32.8118163	34.9974648
7290027600007	673	32.8061202	34.9875172
7290027600007	650	32.7897779	34.9656844
7290027600007	352	32.789641	34.964548
7290027600007	776	32.2334063	34.9593846
7290027600007	623	32.030594	34.878424
7290027600007	676	32.6599081	35.1055803
7290027600007	664	31.7738129	35.1857695
7290027600007	697	32.9548404	35.181314
7290027600007	615	32.1779936	34.9044482
7290027600007	682	32.1980768	34.8901833
7290027600007	648	32.1815732	34.895844
7290027600007	679	32.4809596	34.9881899
7290027600007	698	32.9280004	35.3263278
7290027600007	652	31.884946	35.006136
7290027600007	666	31.8998647	35.0104545
7290027600007	638	32.3583685	34.9081267
7290027600007	613	32.9904134	35.0955803
7290027600007	617	32.698293	35.31181
7290027600007	256	31.982397	34.791592
7290027600007	633	32.7784307	35.0395285
7290027600007	614	32.3199595	34.8555252
7290027600007	621	32.2901417	34.8612505
7290027600007	201	32.2789533	34.8420385
7290027600007	668	32.3073114	34.8689138
7290027600007	649	32.9229861	35.0816117
7290027600007	711	32.6201339	35.311338
7290027600007	678	32.607236	35.292483
7290027600007	601	32.46748352	34.95214844
7290027600007	178	32.1006656	34.8960378
7290027600007	654	32.0996217	34.8761518
7290027600007	643	32.0801388	34.9022855
7290027600007	688	32.0883214	34.8679675
7290027600007	252	32.46987	34.9835924
7290027600007	657	33.2107817	35.5688286
7290027600007	658	32.8036383	35.1031518
7290027600007	635	32.9690732	35.550319
7290027600007	618	31.9639122	34.8008978
7290027600007	782	31.98586	34.766525
7290027600007	655	31.8904774	34.8306778
7290027600007	243	31.8937714	34.8049272
7290027600007	687	31.8941457	34.8177091
7290027600007	660	32.146528	34.8388987
7290027600007	762	32.13785	34.84109
7290027600007	637	32.1804799	34.8752465
7290027600007	684	31.5173668	34.5892971
7290027600007	681	32.006432	34.95097
7290027600007	392	31.9151242	35.0231382
7290027600007	41	32.074909	34.775868
7290027600007	656	32.0809536	34.7704622
7290027600007	695	32.1078625	34.8388676
7290027600007	322	32.082722	34.781264
7290027600007	665	32.0696423	34.7824089
7290027600007	670	32.080126	34.789882
7290027600007	674	32.1226515	34.8167539
7290027600007	685	32.1247548	34.7927308
7290027600007	345	32.076871	34.79265
7290058159628	11	31.72553404	35.21773415
7290875100001	8	31.96324523	34.7787987
7290875100001	61	32.14551407	34.83817341
7290875100001	65	32.07765595	34.8464545
7290058156016	22	33.19537046	35.5760957
7290058156016	42	33.00451199	35.59870373
7290058156016	46	32.46704239	34.95248787
7290058156016	47	32.43218675	34.9281796
7290058156016	38	32.96887717	35.53871083
7290058156016	39	31.72782854	35.07161689
7290058156016	44	31.76128736	35.17611276
7290058156016	50	31.72065464	35.09067473
7290058156016	71	32.0279319	34.88604972
7290058156016	72	32.85994093	35.08311908
7290058156016	43	33.01762977	35.27870733
7290058156016	51	31.91383682	35.00619888
7290058156016	68	32.88736971	35.09469392
7290058156016	94	32.96362627	35.48218903
7290644700005	100	32.0460474	34.7679201
7290644700005	265	31.9806225	34.7423524
7290644700005	628	29.5710852	34.9631727
7290644700005	405	32.607365	35.2994485
7290644700005	616	31.318965	34.620072
7290644700005	390	32.5016899	34.9260347
7290644700005	305	32.8202257	34.9945524
7290644700005	271	32.0814058	34.8455857
7290644700005	406	32.6759916	35.3166028
7290644700005	217	32.095286	34.8253
7290644700005	151	32.0592117	34.8153404
7290644700005	270	32.15287	34.92181
7290644700005	530	31.7550788	35.2216248
7290644700005	426	32.8266726	35.1327453
7290644700005	534	31.6747857	34.5700457
7290644700005	620	31.2523107	34.7860451
7290644700005	235	32.1784603	34.9282406
7290644700005	208	32.098127	34.8756774
7290644700005	536	31.6745737	34.5863693
7290644700005	535	32.1619408	35.5258447
7290644700005	275	32.1024	35.20663
7290644700005	138	31.8112906	34.6656861
7290644700005	614	31.2908455	34.4322837
7290644700005	135	32.1578923	34.8102571
7290644700005	122	31.6587853	34.6005614
7290644700005	166	31.6598074	34.6017303
7290644700005	543	31.63101	34.55904
7290644700005	437	32.4132929	35.029981
7290644700005	602	31.237341	34.793725
7290644700005	601	31.2452645	34.7816333
7290644700005	222	32.35054	35.01395
7290644700005	373	32.684246	35.285759
7290644700005	425	32.77493	35.21411
7290644700005	540	31.934297	35.221229
7290644700005	417	32.9165858	35.2501053
7290644700005	510	31.8280221	35.2281256
7290644700005	375	32.323356	34.898272
7290644700005	245	31.9192679	34.8698848
7290644700005	629	31.442075	34.764195
7290644700005	304	32.5002277	35.4956246
7290644700005	518	31.7558283	34.984434
7290644700005	538	31.754201	34.993301
7290644700005	303	32.5170073	34.9295469
7290644700005	365	32.9250541	35.2764522
7290644700005	501	31.7624482	35.2232589
7290644700005	419	32.7696256	35.3715174
7290644700005	191	31.7548336	34.778953
7290644700005	505	31.783729	35.2087493
7290644700005	323	32.8302571	34.9782369
7290644700005	517	31.7860438	35.1912237
7290644700005	258	31.8145504	34.6553314
7290644700005	408	32.9253566	35.1324221
7290644700005	391	33.017524	35.446011
7290644700005	325	32.4982326	35.063878
7290644700005	524	31.7308645	35.1953432
7290644700005	267	31.9458555	34.8177835
7290644700005	147	32.0918795	34.8596152
7290644700005	152	32.065968	34.7700469
7290644700005	399	33.0622328	35.248367
7290644700005	256	32.3116523	34.8704864
7290644700005	186	32.0145439	34.755817
7290644700005	627	31.248493	35.198193
7290644700005	607	31.0616521	35.0189845
7290644700005	542	31.72688	35.19473
7290644700005	250	31.8194953	34.6621475
7290644700005	380	32.8220558	35.0570346
7290644700005	254	32.2844139	34.8929533
7290644700005	307	32.8118743	34.9985242
7290644700005	144	32.1541417	34.8941496
7290644700005	366	32.5939784	35.1820288
7290644700005	276	31.9737369	34.8105905
7290644700005	112	32.0967909	34.7943472
7290644700005	502	31.7751668	35.2225702
7290644700005	241	32.1948285	34.8833963
7290644700005	613	31.2779185	34.79484
7290644700005	108	32.0026081	34.8077773
7290644700005	500	31.7897726	35.1991854
7290644700005	315	32.803383	34.9862789
7290644700005	113	32.1632815	34.8305467
7290644700005	158	32.0718626	34.7975191
7290644700005	145	32.0540299	34.7873342
7290644700005	111	32.0453072	34.8130371
7290644700005	324	32.3454167	34.9084071
7290644700005	213	32.1456069	34.9469717
7290644700005	308	32.4375151	34.9101603
7290644700005	311	32.78415	35.0310223
7290644700005	114	32.0304332	34.7744083
7290644700005	333	32.8035114	34.9580802
7290644700005	342	32.3842908	34.8668447
7290644700005	306	32.8051042	35.0090918
7290644700005	326	32.7154982	35.1249576
7290644700005	409	32.7800545	35.5040242
7290644700005	322	32.7920568	35.535373
7290644700005	179	32.1301668	34.8296483
7290644700005	116	32.2295395	34.9442731
7290644700005	356	32.7709766	34.9655791
7290644700005	109	32.064728	34.788547
7290644700005	214	32.1763999	34.9796498
7290644700005	274	31.86366	34.74262
7290644700005	257	32.0301628	34.8990679
7290644700005	353	32.788618	35.0124127
7290644700005	420	32.5155451	34.9485187
7290644700005	345	32.6750313	35.221462
7290644700005	153	32.0739024	34.8431701
7290644700005	368	32.661123	35.105782
7290644700005	433	32.95236	35.17834
7290644700005	161	32.0950628	34.7751165
7290644700005	238	32.2205349	34.9819577
7290644700005	527	31.7889842	35.1893031
7290644700005	407	32.9561061	35.160575
7290644700005	423	32.7503799	35.3363355
7290644700005	421	32.8112853	35.2473185
7290644700005	251	32.1662952	34.9279472
7290644700005	328	32.6854523	35.4197031
7290644700005	312	32.4728323	34.992931
7290644700005	603	31.2587163	34.7962999
7290644700005	369	32.9277103	35.3250895
7290644700005	424	32.9189738	35.2837013
7290644700005	392	32.7894591	35.0374326
7290644700005	252	31.9648616	34.9004544
7290644700005	232	31.9469441	34.8792412
7290644700005	196	32.1296076	34.7892616
7290644700005	610	29.5552326	34.9555432
7290644700005	503	31.785066	35.225213
7290644700005	418	32.7076922	34.9487158
7290644700005	626	31.2780296	34.7931417
7290644700005	429	32.7208817	35.2955913
7290644700005	526	31.7997409	35.1496676
7290644700005	415	32.6846891	35.2477402
7290644700005	314	32.91731	35.2503139
7290644700005	253	31.9235318	34.9897254
7290644700005	263	31.889423	34.960295
7290644700005	218	32.0375745	34.7617322
7290644700005	259	31.8393403	34.8475819
7290644700005	541	31.78545	35.334712
7290644700005	248	32.2791129	34.8601663
7290644700005	360	32.9136133	35.1333916
7290644700005	513	31.7856587	35.2278815
7290644700005	195	31.9446477	34.800707
7290644700005	528	31.8079743	35.0177458
7290644700005	521	31.7718675	35.2997274
7290644700005	372	33.0155218	35.2780565
7290644700005	247	31.9870717	34.7715137
7290644700005	378	32.8308346	35.503245
7290644700005	410	32.828544	35.1999692
7290644700005	352	32.790159	35.516669
7290644700005	413	32.7944357	35.4042631
7290644700005	249	32.0748351	34.7832914
7290644700005	605	31.2532847	34.7706864
7290644700005	316	32.9903804	35.0966168
7290644700005	427	33.00146	35.09743
7290644700005	511	31.836363	35.228262
7290644700005	236	32.0893791	34.8618944
7290644700005	107	32.0579088	34.7638739
7290644700005	266	31.86631	34.81365
7290644700005	348	32.3104847	34.9011821
7290644700005	212	31.9912406	34.8123289
7290644700005	376	32.7641882	35.244715
7290644700005	146	31.8272601	34.6752018
7290644700005	414	32.7023752	35.3224768
7290644700005	332	32.6978442	35.2932812
7290644700005	612	31.4163159	34.590459
7290644700005	339	32.3271497	34.859999
7290644700005	132	32.0333599	34.8667828
7290644700005	362	33.0682752	35.1112318
7290644700005	354	32.8205351	34.9728442
7290644700005	210	31.6837147	34.6102765
7290644700005	400	32.8600623	35.3106509
7290644700005	422	32.8602228	35.3142354
7290644700005	131	32.054605	34.764016
7290644700005	611	30.792865	34.7689354
7290644700005	193	31.7660602	34.6664046
7290644700005	337	32.8305046	34.9766601
7290644700005	336	32.785312	35.540925
7290644700005	341	32.3245737	34.8657332
7290644700005	159	31.97205	34.8064504
7290644700005	160	32.0841789	34.8073694
7290644700005	389	32.7267648	35.0560377
7290644700005	239	31.9558091	35.2564621
7290644700005	349	32.6921101	35.2978763
7290644700005	178	31.9319394	34.8747103
7290644700005	533	31.8321577	34.681667
7290644700005	509	31.772398	35.243658
7290644700005	246	32.2606018	34.9280275
7290644700005	609	30.7992523	35.2441351
7290644700005	301	32.9229387	35.0772096
7290644700005	300	32.9364055	35.08304
7290644700005	133	32.0824646	34.803212
7290644700005	625	31.2475276	34.4087352
7290644700005	631	31.2268324	34.8185066
7290644700005	302	32.6116336	35.2870795
7290644700005	331	32.7083637	34.9704126
7290644700005	242	31.8889995	34.7834702
7290644700005	261	32.0221849	34.8582503
7290644700005	633	31.79689	34.78128
7290644700005	192	32.0641358	34.7619018
7290644700005	632	31.46824	34.77488
7290644700005	432	32.85877	35.0907547
7290644700005	431	32.87974	35.42852
7290644700005	623	31.2509745	34.8207422
7290644700005	183	32.17926	35.102953
7290644700005	529	31.8253728	35.2388003
7290644700005	371	32.993475	35.313071
7290644700005	318	32.4817887	34.9730711
7290644700005	124	32.0902523	34.8798555
7290644700005	123	32.0973019	34.8961664
7290644700005	121	32.030091	34.794264
7290644700005	516	31.6859286	34.9471356
7290644700005	388	32.7730965	35.0456373
7290644700005	430	33.12442	35.57012
7290644700005	340	32.3208117	34.8660988
7290644700005	120	31.7615899	34.7857574
7290644700005	343	32.704136	35.586087
7290644700005	320	32.96922	35.4974593
7290644700005	184	32.2873498	34.8980148
7290644700005	255	31.9376942	34.8859655
7290644700005	165	32.0483131	34.7766348
7290644700005	363	32.7908834	34.9641925
7290644700005	355	32.4759125	34.8941038
7290644700005	428	32.98694	35.71073
7290644700005	190	32.011301	34.7986696
7290644700005	177	32.0632889	34.8619585
7290644700005	532	31.542827	35.132228
7290644700005	202	32.0946434	34.8500112
7290644700005	329	32.8046802	35.075422
7290644700005	330	32.8680631	35.0961791
7290644700005	118	31.6039349	34.7751348
7290644700005	604	31.2472663	34.8042915
7290644700005	115	31.7310135	34.7537268
7290644700005	514	31.760549	35.169769
7290644700005	260	31.8601868	34.8107521
7290644700005	313	33.2027461	35.5690755
7290644700005	221	32.1091428	34.9624273
7290644700005	319	32.9706019	35.5498906
7290644700005	335	32.786412	34.9981735
7290644700005	136	32.1566879	34.8083457
7290644700005	508	31.783721	35.237588
7290644700005	134	31.885381	34.814749
7290644700005	126	32.0864204	34.812094
7290644700005	520	31.7998246	35.2115957
7290644700005	149	31.9242447	34.8786855
7290644700005	127	31.9247294	34.8776106
7290644700005	512	31.8012054	35.2276064
7290644700005	506	31.7582324	35.1814707
7290644700005	618	31.1043592	34.8243851
7290644700005	203	32.0678886	34.7829133
7290644700005	244	31.8874733	34.7370652
7290644700005	209	31.5240118	34.6062429
7290644700005	173	32.0466846	34.7660649
7290644700005	519	31.7988689	35.0758689
7290644700005	272	32.00632	34.9607
7290644700005	615	31.3096317	34.8986347
7290644700005	199	32.1160698	34.904362
7290644700005	197	31.6605591	34.5699346
7290644700005	504	31.8157253	35.0241193
7290644700005	243	32.2808478	35.0053699
7290644700005	383	32.7982012	35.1705444
7290644700005	321	32.8116038	35.1627453
7290644700005	234	32.1851914	34.9165706
7290644700005	531	31.774316	35.201434
7290644700005	624	31.2476778	34.8468164
7290644700005	515	31.749567	35.2109173
7290644700005	359	32.8429607	35.1641136
7290644700005	237	32.3134812	34.9642155
7290644700005	367	32.5834979	35.2439415
7290058177776	19	32.0943112	34.7941808
7290058177776	35	32.1896956	34.8547028
7290058177776	36	32.0147463	34.783445
7290058177776	42	32.2411	35.0025748
7290058177776	43	32.1284381	34.8312511
7290058148776	4	31.79742971	35.21769285
7290058148776	5	31.66972137	34.59973637
7290058148776	6	31.66762134	34.56925383
7290058148776	8	31.86243861	35.1758453
7290058148776	9	31.60426901	34.77416676
7290058148776	11	32.1759179	34.93466032
7290058148776	12	32.07730906	34.84218809
7290058148776	13	31.92793768	34.86674943
7290058148776	14	32.00271688	34.80526966
7290058148776	15	31.71897496	34.75539305
7290058148776	16	31.66893889	35.16380355
7290058148776	17	31.79075583	34.63947915
7290058148776	18	31.4187411	34.5992196
7290058148776	19	32.48381302	34.91539998
7290058148776	21	32.18098475	34.87330455
7290058134977	2	31.69811012	35.10089753
7290058134977	17	31.86694261	35.14870721
7290058134977	28	31.69793533	35.12242885
7290058134977	37	31.73611062	34.99724333
7290058134977	39	31.93982068	35.038924
7290873255550	2	32.2738	34.863
7290873255550	3	31.8095	34.6564
7290873255550	6	32.01077705	34.74950782
7290873255550	7	31.657683	34.588763
7290873255550	10	32.92809296	35.32551873
7290873255550	12	32.807299	35.054029
7290873255550	14	31.9843	34.8104
7290873255550	15	31.247881	34.8119871
7290873255550	17	31.8903	34.9645
7290873255550	18	31.9097	34.8054
7290873255550	19	32.114	34.8413
7290873255550	20	32.0081	34.8002
7290873255550	21	32.0263	34.8983
7290873255550	22	32.261005	34.89731
7290873255550	23	32.513723	34.904644
7290873255550	24	32.16855804	34.90185422
7290873255550	25	32.04594219	34.86641169
7290873255550	30	32.64949594	35.29060053
7290873255550	51	32.18342	34.85307
7290873255550	52	32.1577	34.842
7290873255550	54	32.07327161	34.76813677
7290873255550	56	32.11470106	34.82605537
7290873255550	57	32.066078	34.776613
7290873255550	58	32.08495041	34.77265313
7290873255550	59	32.09042277	34.77395253
7290873255550	61	32.06975944	34.78335865
7290873255550	62	32.07426777	34.77928735
7290873255550	63	32.0797	34.7815
7290873255550	68	32.078	34.8147
7290873255550	70	32.056493	34.759636
7290873255550	71	32.079998	34.769291
7290873255550	73	32.09072367	34.78313326
7290873255550	74	32.083191	34.792858
7290873255550	75	32.09404985	34.79183486
7290873255550	79	32.033125	34.77505
7290873255550	80	32.068979	34.793475
7290873255550	82	32.059824	34.815277
7290873255550	83	32.11435855	34.8250777
7290873255550	84	32.11199783	34.78736715
7290873255550	85	32.06892149	34.86442127
7290873255550	86	31.89986011	35.00828728
7290873255550	87	32.0891503	34.8810251
7290873255550	88	32.05098749	34.84015817
7290873255550	89	32.07048843	34.77177838
7290873255550	91	32.06498173	34.7857729
7290873255550	92	32.80352686	34.98619447
7290873255550	156	32.08228687	34.78012945
7290700100008	1	31.989797	34.768103
7290700100008	2	32.00734427	34.80658493
7290700100008	4	32.0105	34.8081
7290700100008	5	31.9886	34.7623
7290700100008	6	32.132119	34.901926
7290700100008	7	31.9886	34.7623
7290700100008	8	31.9865	34.773
7290700100008	9	32.1002	34.876326
7290700100008	10	32.132119	34.901926
7290700100008	17	32.0105	34.8081
7290700100008	19	31.989797	34.768103
7290803800003	1	31.886541	34.780207
7290803800003	4	31.870139	34.82163
7290803800003	5	31.811245	34.654081
7290803800003	7	31.860194	34.814538
7290803800003	8	31.898125	34.8116
7290803800003	9	31.41829	34.597349
7290803800003	12	31.940259	34.887231
7290803800003	13	32.810707	35.05681
7290803800003	15	32.032758	34.850994
7290803800003	16	31.794036	34.706737
7290803800003	17	31.889801	34.962811
7290803800003	18	31.916163	35.009964
7290803800003	19	32.03427555	34.84940963
7290803800003	20	31.748876	35.211105
7290803800003	21	32.105202	34.894348
7290803800003	22	32.441677	34.895065
7290803800003	23	32.778531	35.501394
7290803800003	24	32.166473	34.928285
7290803800003	25	31.930727	34.797812
7290803800003	26	32.12818	34.859099
7290803800003	27	32.063392	34.791997
7290803800003	28	31.98286618	34.79455088
7290803800003	29	32.008992	34.750669
7290803800003	30	32.287131	34.866553
7290803800003	31	31.8946871	34.79161574
7290803800003	32	32.039	34.775502
7290803800003	33	31.986061	34.914587
7290803800003	34	31.626959	34.583674
7290803800003	35	32.07412758	34.80007082
7290803800003	36	32.441363	34.93044
7290803800003	37	32.606595	35.297422
7290803800003	38	32.790868	35.531802
7290803800003	39	33.1971022	35.5694944
7290803800003	40	31.244246	34.806349
7290803800003	41	31.7020353	34.5771398
7290803800003	42	31.97565638	34.77644318
7290803800003	48	32.66189675	35.57459774
7290803800003	50	32.32296661	34.87465952
7290803800003	53	32.193267	34.865714
7290803800003	54	32.0634977	34.7694418
7290803800003	55	31.41217295	34.5749911
7290803800003	59	32.50444285	34.91805004
7290103152017	1	32.6696	35.2378
7290103152017	3	31.7851	35.1834
7290103152017	5	32.8618867	35.098251
7290103152017	6	31.8027	34.7621
7290103152017	9	31.8121	34.6638
7290103152017	10	32.1061	34.892
7290103152017	11	32.0989	34.8297
7290103152017	13	31.2132	34.8109
7290103152017	14	32.4489	34.9144
7290103152017	16	31.747974	34.992018
7290103152017	20	31.9533	34.8902
7290103152017	22	31.648307	34.597099
7290103152017	23	32.29615	34.869053
7290103152017	24	32.06732327	34.79473264
7290103152017	25	31.9913597	34.7613372
7290103152017	26	31.7534	35.2134
7290103152017	28	31.7946	35.2083
7290103152017	30	32.79593357	35.02189946
7290103152017	31	32.1857572	34.9508596
7290639000004	1	32.3834	34.8674
7290639000004	2	32.162094	34.796605
7290639000004	3	32.812244	35.070108
7290639000004	4	32.7499	35.0701
7290639000004	5	32.7880209	34.9681521
7290639000004	6	32.1301	34.895
7290639000004	7	32.777386	35.0003
7290639000004	8	32.275091	34.86126
7290639000004	9	32.26981	34.887904
7290639000004	10	31.984702	34.769094
7290639000004	11	32.6381264	35.08191814
7291059100008	1	32.43873426	34.91454346
7291059100008	2	32.3806337	34.8748283
7291059100008	3	32.4873	34.9105
7291059100008	4	32.4274	34.923
7291059100008	5	32.48439498	34.98770731
7291059100008	8	32.4731539	34.9749145
7291059100008	9	32.2774299	34.8407214
7290876100000	1	32.1589557	34.8336442
7290876100000	2	32.1706	34.8318
7290876100000	3	32.08963974	34.88184077
7290876100000	4	32.1301	34.7925
7290876100000	5	32.82816134	35.08382405
7290876100000	6	32.7671526	34.96735453
7290876100000	7	32.07481382	34.88993289
7290876100000	8	32.17278527	34.83926421
7290876100000	9	32.17359876	34.84623503
7290876100000	10	31.95021859	34.84443523
7290876100000	11	32.030545	34.892365
7290876100000	12	32.191201	34.863378
7290876100000	13	32.83808588	35.07136518
7290876100000	14	32.82468648	34.98259701
7290876100000	16	32.07809279	34.79869312
7290876100000	17	32.18234017	34.88260353
7290876100000	18	32.84295696	35.07106809
7290876100000	19	32.85503513	35.09312271
7290876100000	20	32.09993163	34.88830069
7290876100000	21	32.81185891	35.07187165
7290876100000	22	32.32618504	34.86182335
7290876100000	23	32.03624083	34.76219579
7290876100000	24	31.25021855	34.77194145
7290876100000	25	31.86656162	34.73575653
7290876100000	26	31.76665224	34.63099502
7290876100000	27	32.69322136	35.3165259
7290876100000	28	32.828542	35.0838478
7290876100000	29	32.77603207	35.00848449
7290876100000	30	32.80399065	35.10806312
7290876100000	31	32.8383277	35.05976563
7290876100000	32	32.11265059	34.79946055
7290876100000	35	32.01516448	34.7561673
7290876100000	36	32.01268149	34.7520239
7290876100000	37	32.02198549	34.74167725
7290876100000	39	32.00355971	34.77197594
7290876100000	40	32.0717	34.8283
7290876100000	41	32.09428501	34.79840485
7290876100000	42	32.10048495	34.88447823
7290876100000	43	31.79461107	34.63961995
7290876100000	44	31.78576865	34.6612254
7290876100000	45	32.91869417	35.29382675
7290876100000	46	31.9740224	34.7794211
7290876100000	47	32.07541667	34.85463489
7290876100000	48	32.06090228	34.86165053
7290876100000	49	32.07387182	34.86406007
7290876100000	50	32.07378408	34.86316023
7290876100000	51	31.96837268	34.82423613
7290785400000	2	33.0043	35.098
7290785400000	3	32.773609	35.038778
7290785400000	4	32.8145	34.993
7290785400000	5	32.8252	34.9875
7290785400000	8	32.7035589	35.323672
7290785400000	10	32.91289045	35.27582918
7290785400000	11	32.642643	35.086162
7290785400000	12	32.4406	34.9104
7290785400000	13	31.9736	34.8123
7290785400000	14	32.282837	34.859246
7290785400000	15	32.923505	35.308647
7290785400000	16	32.820107	35.055047
7290785400000	17	31.861206	34.806216
7290785400000	18	31.221791	34.803399
7290785400000	19	32.17534	34.892407
7290785400000	20	32.09933169	34.89264826
7290785400000	21	32.9229573	35.0813108
7290785400000	22	31.8120752	34.6607179
7290785400000	23	32.5985554	35.2963414
7290785400000	102	32.05618159	34.85825691
7290785400000	103	32.78477627	34.98730493
7290785400000	104	32.08336606	34.81418643
7290785400000	116	32.82043677	35.0532986
7290785400000	120	32.09356587	34.85747999
7290785400000	204	32.08363877	34.81412206
7290058140886	1	31.7504101	35.2095757
7290058140886	2	31.75100161	35.2153861
7290058140886	3	31.809599	35.193153
7290058140886	5	31.750916	35.210215
7290058140886	6	31.7933	35.3339
7290058140886	7	31.796689	35.146284
7290058140886	8	31.8658426	35.26067
7290058140886	9	31.723896	34.749756
7290058140886	10	31.91597034	35.02297334
7290058140886	11	32.6039	35.2932
7290058140886	12	31.69961	35.108178
7290058140886	13	31.7858	35.1874
7290058140886	14	32.784988	35.498596
7290058140886	15	32.7706	35.0478
7290058140886	16	32.1015	34.8313
7290058140886	17	32.1075	34.9552
7290058140886	19	32.818688	35.053701
7290058140886	20	32.5693	34.9338
7290058140886	22	31.7882	35.184891
7290058140886	23	31.6425423	35.15158
7290058140886	24	32.292497	34.862195
7290058140886	25	31.8905	34.9629
7290058140886	26	31.8144	34.6598
7290058140886	27	31.23432539	34.79452132
7290058140886	28	32.8993	35.0914
7290058140886	29	32.4885	34.9704
7290058140886	30	32.2763772	34.92041
7290058140886	31	31.41688191	34.61535158
7290058140886	32	33.0345646	35.1030565
7290058140886	33	32.173	34.9272
7290058140886	34	32.0877	34.8572
7290058140886	35	31.6352	34.5528
7290058140886	36	32.92319317	35.30825915
7290058140886	37	32.322604	34.872329
7290058140886	38	33.2168	35.5877
7290058140886	40	31.8859	34.7339
7290058140886	41	31.89500042	34.78910051
7290058140886	42	31.94545785	34.89336499
7290058140886	43	31.98453782	34.7696118
7290058140886	44	32.453404	34.901181
7290058140886	45	32.0049	34.7475
7290058140886	46	32.1947822	34.8812484
7290058140886	48	31.85055	35.223153
7290058140886	49	31.75603	34.986844
7290058140886	50	32.0236	34.7991
7290058140886	53	32.1006	35.1703
7290058140886	54	31.602782	34.772552
7290058140886	55	32.113073	34.842473
7290058140886	56	31.6606014	34.598713
7290058140886	57	32.7896653	34.9639225
7290058140886	58	32.433821	34.924489
7290058140886	59	31.926206	34.876227
7290058140886	62	32.7875639	35.029491
7290058140886	63	31.2422	34.8112
7290058140886	64	32.51657566	34.91806014
7290058140886	70	31.52659876	34.60199802
7290058140886	71	31.70834291	34.99004566
7290058140886	203	29.5699	34.9613
7290058140886	700	31.83242963	35.23456683
7290058140886	703	31.74885641	35.19777351
7290058140886	704	31.74884426	34.98620686
7290058140886	705	31.76117988	35.17593577
7290058140886	706	31.75286031	35.23479379
7291056200008	299	32.306153	34.907966
7291056200008	302	32.0912	34.8872
7291056200008	304	32.0786	34.7976
7291056200008	305	32.1536963	34.8417372
7291056200008	306	32.4374105	34.9190936
7291056200008	307	32.09329807	34.86535883
7291056200008	308	32.0616	34.7738
7291056200008	309	32.1741588	34.9079083
7291056200008	311	32.8429886	35.0923142
7291056200008	312	32.6123642	35.2882348
7291056200008	314	32.4407565	34.9150453
7291056200008	316	31.6694224	34.5823467
7291056200008	317	31.7778122	34.6366097
7291056200008	319	32.0254	34.858
7291056200008	320	32.0983791	34.941845
7291056200008	321	32.0774441	34.8541408
7291056200008	323	32.310274	34.8718699
7291056200008	324	31.97574037	34.77408545
7291056200008	325	31.2545599	34.7975096
7291056200008	327	32.1845	34.9032
7291056200008	329	32.0763	34.7679
7291056200008	330	32.0791	34.7744
7291056200008	331	32.0757569	34.8854622
7291056200008	332	32.1793946	34.8787042
7291056200008	334	32.1590122	34.9015942
7291056200008	335	32.0875	34.7733
7291056200008	336	32.1670661	34.8463557
7291056200008	337	32.074747	34.8183583
7291056200008	338	32.0689036	34.7868881
7291056200008	339	31.975423	34.7736628
7291056200008	340	32.0547148	34.7722382
7291056200008	401	32.02246881	34.77824449
7291056200008	403	32.33057091	34.85912017
7291056200008	404	32.08558739	34.81032315
7291056200008	405	31.24382688	34.79497295
